<?xml version="1.0" encoding="UTF-8"?>
<project-private xmlns="http://www.netbeans.org/ns/project-private/1">
    <editor-bookmarks xmlns="http://www.netbeans.org/ns/editor-bookmarks/2" lastBookmarkId="0"/>
    <open-files xmlns="http://www.netbeans.org/ns/projectui-open-files/2">
        <group>
            <file>file:/D:/OneDrive%20-%20ptit.edu.vn/PTIT/4th_Year/1st_Semester/LTMang/SudokuOnline/SudokuOnline/src/server/RunServer.java</file>
            <file>file:/D:/OneDrive%20-%20ptit.edu.vn/PTIT/4th_Year/1st_Semester/LTMang/SudokuOnline/SudokuOnline/src/client/RunClient.java</file>
            <file>file:/D:/OneDrive%20-%20ptit.edu.vn/PTIT/4th_Year/1st_Semester/LTMang/SudokuOnline/SudokuOnline/src/client/controller/SocketHandler.java</file>
        </group>
    </open-files>
</project-private>
